-- Inserção na tabela ‘Usuario’
INSERT INTO `mydb`.`Usuario` (`nome_usuario`, `nome_do_meio`, `sobrenome`, `apelido`, `email`, `senha`, `data_de_nascimento`, `genero`, `telefone`)
VALUES 
   ('Carlos', 'Alberto', 'Silva', 'Carlinhos', 'carlos.silva@email.com', 'senha789', '1995-03-10', 'M', '87654321098'),
   ('Fernanda', 'Oliveira', 'Mendes', 'Ferni', 'fernanda.mendes@email.com', 'senha246', '1988-09-25', 'F', '76543210987'),
   ('Lucas', 'Rodrigues', 'Santos', 'Lucão', 'lucas.santos@email.com', 'senha135', '2000-05-15', 'M', '65432109876'),
   ('Amanda', 'Ferreira', 'Souza', 'Amandinha', 'amanda.souza@email.com', 'senha802', '1992-11-08', 'F', '54321098765'),
   ('Ricardo', 'Melo', 'Almeida', 'Rick', 'ricardo.almeida@email.com', 'senha573', '1980-07-01', 'M', '43210987654'),
   ('Patricia', 'Silveira', 'Costa', 'Paty', 'patricia.costa@email.com', 'senha246', '1998-08-12', 'F', '98765432101'),
   ('Gustavo', 'Lima', 'Oliveira', 'Gus', 'gustavo.oliveira@email.com', 'senha135', '1990-05-18', 'M', '87654321012'),
   ('Ana', 'Cavalcante', 'Ferreira', 'Aninha', 'ana.ferreira@email.com', 'senha802', '1987-02-28', 'F', '76543210923'),
   ('Rafael', 'Santos', 'Pereira', 'Rafa', 'rafael.pereira@email.com', 'senha573', '1995-11-05', 'M', '65432109834'),
   ('Camila', 'Almeida', 'Costa', 'Cami', 'camila.costa@email.com', 'senha960', '1983-09-03', 'F', '54321098745'),
   ('Mariana', 'Almeida', 'Santos', 'Mari', 'mariana.santos@email.com', 'senha123', '1994-07-12', 'F', '87654321010'),
   ('Fernando', 'Oliveira', 'Rodrigues', 'Nando', 'fernando.rodrigues@email.com', 'senha456', '1986-02-18', 'M', '76543210921'),
   ('Carolina', 'Rodrigues', 'Mendes', 'Carol', 'carolina.mendes@email.com', 'senha789', '1992-05-10', 'F', '65432109832'),
   ('Ricardo', 'Santos', 'Ferreira', 'Rick', 'ricardo.ferreira@email.com', 'senha012', '1986-11-25', 'M', '54321098744'),
   ('Isabela', 'Costa', 'Oliveira', 'Bel', 'isabela.oliveira@email.com', 'senha345', '1998-08-08', 'F', '43210987655'),
   ('Renato', 'Rodrigues', 'Melo', 'Renatinho', 'renato.melo@email.com', 'senha678', '1982-03-25', 'M', '98765432100'),
   ('Juliana', 'Ferreira', 'Santos', 'Juh', 'juliana.santos@email.com', 'senha111', '1993-06-20', 'F', '87654321010'),
   ('Lucas', 'Lima', 'Almeida', 'Luquinhas', 'lucas.almeida@email.com', 'senha222', '1985-01-03', 'M', '76543210921'),
   ('Isadora', 'Santos', 'Rodrigues', 'Isa', 'isadora.rodrigues@email.com', 'senha333', '1990-09-05', 'F', '65432109832'),
   ('Rafael', 'Ferreira', 'Oliveira', 'Rafa', 'rafael.oliveira@email.com', 'senha444', '1996-10-15', 'M', '54321098743'),
   ('Natalia', 'Lima', 'Costa', 'Nati', 'natalia.costa@email.com', 'senha555', '1981-11-20', 'F', '43210987654'),
   ('Gustavo', 'Melo', 'Rodrigues', 'Gus', 'gustavo.rodrigues@email.com', 'senha666', '1999-05-22', 'M', '98765432109'),
   ('Leticia', 'Oliveira', 'Mendes', 'Leti', 'leticia.mendes@email.com', 'senha777', '1984-08-30', 'F', '87654321098'),
   ('João', 'Ferreira', 'Silva', 'Joãozinho', 'joao.silva@email.com', 'senha888', '1988-03-28', 'M', '76543210987'),
   ('Monica', 'Lima', 'Rodrigues', 'Moni', 'monica.rodrigues@email.com', 'senha999', '1992-12-15', 'F', '65432109876'),
   ('Vinícius', 'Almeida', 'Oliveira', 'Vini', 'vinicius.oliveira@email.com', 'senha000', '1983-06-10', 'M', '54321098765'),
   ('Tatiane', 'Santos', 'Mendes', 'Tati', 'tatiane.mendes@email.com', 'senha123', '1995-04-18', 'F', '87654321011'),
   ('Daniel', 'Rodrigues', 'Costa', 'Dan', 'daniel.costa@email.com', 'senha456', '1987-09-25', 'M', '76543210922'),
   ('Gabriela', 'Almeida', 'Santos', 'Gabi', 'gabriela.santos@email.com', 'senha789', '1991-05-30', 'F', '65432109833'),
   ('Lucas', 'Rodrigues', 'Oliveira', 'Luquinhas', 'lucas.oliveira@email.com', 'senha012', '1986-10-15', 'M', '54321098744'),
   ('Ana', 'Ferreira', 'Silva', 'Aninha', 'ana.silva@email.com', 'senha345', '1998-08-28', 'F', '43210987655'),
   ('Raphael', 'Santos', 'Pereira', 'Rafa', 'raphael.pereira@email.com', 'senha678', '1980-02-15', 'M', '98765432100'),
   ('Larissa', 'Fernandes', 'Oliveira', 'Lari', 'larissa.oliveira@email.com', 'senha111', '1993-03-25', 'F', '87654321010'),
   ('Eduardo', 'Lima', 'Rodrigues', 'Dudu', 'eduardo.rodrigues@email.com', 'senha222', '1985-07-02', 'M', '76543210921'),
   ('Aline', 'Oliveira', 'Melo', 'Aline', 'aline.melo@email.com', 'senha333', '1997-10-10', 'F', '65432109832'),
   ('Matheus', 'Costa', 'Lima', 'Mat', 'matheus.lima@email.com', 'senha444', '1990-01-20', 'M', '54321098743'),
   ('Juliana', 'Santos', 'Ferreira', 'Juh', 'juliana.ferreira@email.com', 'senha555', '1981-12-05', 'F', '43210987654'),
   ('Felipe', 'Oliveira', 'Santos', 'Fe', 'felipe.santos@email.com', 'senha666', '1999-06-22', 'M', '98765432109'),
   ('Vanessa', 'Lima', 'Silva', 'Vane', 'vanessa.silva@email.com', 'senha777', '1984-09-30', 'F', '87654321098'),
   ('Rafaela', 'Ferreira', 'Oliveira', 'Rafa', 'rafaela.oliveira@email.com', 'senha888', '1988-04-28', 'F', '76543210987'),
   ('Carla', 'Silva', 'Santos', 'Carlinha', 'carla.santos@email.com', 'senha999', '1992-12-15', 'M', '65432109876'),
   ('Anderson', 'Oliveira', 'Mendes', 'Andy', 'anderson.mendes@email.com', 'senha000', '1983-07-10', 'M', '54321098765'),
   ('Beatriz', 'Lima', 'Costa', 'Bia', 'beatriz.costa@email.com', 'senha123', '1995-04-18', 'F', '87654321011'),
   ('Fernando', 'Rodrigues', 'Santos', 'Nando', 'fernando.santos@email.com', 'senha456', '1987-09-25', 'M', '76543210922'),
   ('Carla', 'Ferreira', 'Oliveira', 'Carlinha', 'carla.oliveira@email.com', 'senha789', '1991-05-30', 'F', '65432109833'),
   ('Vinícius', 'Lima', 'Mendes', 'Vini', 'vinicius.mendes@email.com', 'senha012', '1986-10-15', 'M', '54321098744'),
   ('Renata', 'Costa', 'Oliveira', 'Renatinha', 'renata.oliveira@email.com', 'senha345', '1998-08-08', 'F', '43210987655'),
   ('Ricardo', 'Silva', 'Santos', 'Rick', 'ricardo.santos@email.com', 'senha678', '1982-03-25', 'M', '98765432100'),
   ('Camila', 'Pereira', 'Almeida', 'Cami', 'camila.almeida@email.com', 'senha111', '1993-06-20', 'F', '87654321010'),
   ('Luiz', 'Oliveira', 'Rodrigues', 'Luizinho', 'luiz.rodrigues@email.com', 'senha222', '1985-01-03', 'M', '76543210921'),
   ('Isabela', 'Ferreira', 'Santos', 'Bel', 'isabela.santos@email.com', 'senha333', '1990-09-05', 'F', '65432109832'),
   ('Rafael', 'Lima', 'Oliveira', 'Rafa', 'rafael.oliveira@email.com', 'senha444', '1996-10-15', 'M', '54321098743'),
   ('Natalia', 'Lima', 'Costa', 'Nati', 'natalia.costa@email.com', 'senha555', '1981-11-20', 'F', '43210987654'),
   ('Gustavo', 'Melo', 'Rodrigues', 'Gus', 'gustavo.rodrigues@email.com', 'senha666', '1999-05-22', 'M', '98765432109'),
   ('Leticia', 'Oliveira', 'Mendes', 'Leti', 'leticia.mendes@email.com', 'senha777', '1984-08-30', 'F', '87654321098'),
   ('João', 'Ferreira', 'Silva', 'Joãozinho', 'joao.silva@email.com', 'senha888', '1988-03-28', 'M', '76543210987'),
   ('Monica', 'Lima', 'Rodrigues', 'Moni', 'monica.rodrigues@email.com', 'senha999', '1992-12-15', 'F', '65432109876'),
   ('Vinícius', 'Almeida', 'Oliveira', 'Vini', 'vinicius.oliveira@email.com', 'senha000', '1983-06-10', 'M', '54321098765'),
   ('Tatiane', 'Santos', 'Mendes', 'Tati', 'tatiane.mendes@email.com', 'senha123', '1995-04-18', 'F', '87654321011'),
   ('Daniel', 'Rodrigues', 'Costa', 'Dan', 'daniel.costa@email.com', 'senha456', '1987-09-25', 'M', '76543210922'),
   ('Gabriela', 'Almeida', 'Santos', 'Gabi', 'gabriela.santos@email.com', 'senha789', '1991-05-30', 'F', '65432109833');


-- Inserção na tabela `Administrador`
INSERT INTO `mydb`.`Administrador` (`data_admissao`, `id_Usuario`)
VALUES 
   ('2023-03-01', 1),
   ('2023-03-01', 2),
   ('2023-03-01', 3),
   ('2023-03-01', 4),
   ('2023-03-01', 5),
   ('2023-03-10', 6),
   ('2023-03-10', 7),
   ('2023-03-10', 8),
   ('2023-03-10', 9),
   ('2023-03-10', 10);


-- Inserção na tabela `Cargo`
INSERT INTO `mydb`.`Cargo` (`nome_cargo`, `descricao_cargo`)
VALUES 
   ('Administrador', 'Responsável pela administração do sistema.'),
   ('Moderador', 'Responsável pela moderação de conteúdo.');

-- Inserção na tabela `Pagina`
INSERT INTO `mydb`.`Pagina` (`url`, `nome_pagina`, `categoria`, `descricao_pagina`, `data_criacao`, `num_seguidores`)
VALUES 
   ('pagina-teste', 'Página de Teste', 'Testes', 'Página de teste para exemplos', '2023-03-01', 100),
   ('pagina-esportes', 'Página de Esportes', 'Esportes', 'Notícias e eventos esportivos', '2023-03-01', 200),
   ('pagina-noticias', 'Página de Notícias', 'Notícias', 'Últimas notícias locais e internacionais', '2023-03-02', 150),
   ('pagina-tecnologia', 'Página de Tecnologia', 'Tecnologia', 'Inovações e tendências tecnológicas', '2023-03-02', 180),
   ('pagina-musica', 'Página de Música', 'Música', 'Novidades e eventos musicais', '2023-03-02', 250),
   ('pagina-filmes', 'Página de Filmes', 'Cinema', 'Resenhas e lançamentos de filmes', '2023-03-03', 120),
   ('pagina-gastronomia', 'Página de Gastronomia', 'Gastronomia', 'Receitas e dicas culinárias', '2023-03-03', 300),
   ('pagina-viagens', 'Página de Viagens', 'Viagens', 'Destinos e dicas para viajantes', '2023-03-03', 160),
   ('pagina-ciencia', 'Página de Ciência', 'Ciência', 'Descobertas e avanços científicos', '2023-03-04', 220),
   ('pagina-moda', 'Página de Moda', 'Moda', 'Tendências e estilo fashion', '2023-03-04', 270),
   ('pagina-automoveis', 'Página de Automóveis', 'Automóveis', 'Notícias e lançamentos do mundo automotivo', '2023-03-04', 190),
   ('pagina-literatura', 'Página de Literatura', 'Literatura', 'Livros e escritores renomados', '2023-03-05', 140),
   ('pagina-saude', 'Página de Saúde', 'Saúde', 'Dicas de bem-estar e informações de saúde', '2023-03-05', 230),
   ('pagina-arte', 'Página de Arte', 'Arte', 'Obras de artistas contemporâneos', '2023-03-05', 210),
   ('pagina-negocios', 'Página de Negócios', 'Negócios', 'Notícias e dicas para empreendedores', '2023-03-06', 320),
   ('pagina-animais', 'Página de Animais', 'Animais', 'Curiosidades e cuidados com animais de estimação', '2023-03-06', 260),
   ('pagina-educacao', 'Página de Educação', 'Educação', 'Novidades e dicas para estudantes', '2023-03-06', 180),
   ('pagina-religiao', 'Página de Religião', 'Religião', 'Reflexões e eventos religiosos', '2023-03-07', 130),
   ('pagina-design', 'Página de Design', 'Design', 'Inovações e inspirações em design', '2023-03-07', 290),
   ('pagina-humor', 'Página de Humor', 'Humor', 'Conteúdo engraçado e memes', '2023-03-07', 170),
   ('pagina-politica', 'Página de Política', 'Política', 'Notícias e análises políticas', '2023-03-08', 240),
   ('pagina-fitness', 'Página de Fitness', 'Fitness', 'Dicas de exercícios e vida saudável', '2023-03-08', 200),
   ('pagina-carros', 'Página de Carros', 'Carros', 'Apaixonados por automóveis e carros clássicos', '2023-03-08', 310),
   ('pagina-fotografia', 'Página de Fotografia', 'Fotografia', 'Fotos incríveis e técnicas fotográficas', '2023-03-09', 180),
   ('pagina-culinaria', 'Página de Culinária', 'Culinária', 'Receitas deliciosas e truques na cozinha', '2023-03-09', 250),
   ('pagina-danca', 'Página de Dança', 'Dança', 'Coreografias e eventos de dança', '2023-03-09', 220),
   ('pagina-teatro', 'Página de Teatro', 'Teatro', 'Espetáculos e bastidores do teatro', '2023-03-10', 190),
   ('pagina-astrologia', 'Página de Astrologia', 'Astrologia', 'Previsões e informações sobre signos', '2023-03-10', 280),
   ('pagina-videos', 'Página de Vídeos', 'Vídeos', 'Conteúdo audiovisual e entretenimento', '2023-03-10', 160),
   ('pagina-ecologia', 'Página de Ecologia', 'Ecologia', 'Sustentabilidade e cuidados com o meio ambiente', '2023-03-11', 230),
   ('pagina-jogos', 'Página de Jogos', 'Jogos', 'Novidades e dicas sobre jogos eletrônicos', '2023-03-11', 300),
   ('pagina-estilo', 'Página de Estilo', 'Estilo', 'Dicas de moda e personalização', '2023-03-11', 210),
   ('pagina-decoracao', 'Página de Decoração', 'Decoração', 'Ideias e tendências em decoração de ambientes', '2023-03-12', 270);
   
-- Inserção na tabela `Postagem`
INSERT INTO `mydb`.`Postagem` (`titulo_postagem`, `localizacao`, `data_e_hora`, `num_curtidas`, `id_pagina`, `id_Usuario`)
VALUES 
   ('Aventura nas Montanhas Geladas', 'Montanha do Gelo', '2023-03-02 09:15:00', 42, 3, 6),
   ('Explorando Ruínas Antigas', 'Cidade Perdida', '2023-03-02 11:30:00', 68, 4, 7),
   ('Gastronomia Oriental no Centro', 'Restaurante Sakura', '2023-03-02 13:45:00', 87, 5, 8),
   ('Pôr do Sol no Mirante', 'Mirante do Vale', '2023-03-02 15:20:00', 102, 1, 9),
   ('Concerto de Jazz ao Entardecer', 'Jazz no Parque', '2023-03-02 17:10:00', 120, 2, 10),
   ('Caminhada pela Natureza', 'Trilha da Serenidade', '2023-03-03 08:45:00', 55, 6, 11),
   ('Arte Urbana nas Ruas', 'Rua das Cores', '2023-03-03 10:20:00', 78, 7, 12),
   ('Degustação de Vinhos na Vinícola', 'Vinícola Vinho Fino', '2023-03-03 12:05:00', 93, 8, 13),
   ('Picnic no Parque', 'Parque das Flores', '2023-03-03 14:30:00', 110, 9, 14),
   ('Culinária Italiana no Coração da Cidade', 'Ristorante Amore', '2023-03-03 16:15:00', 135, 10, 15),
   ('Aventura Subaquática', 'Recife Submerso', '2023-03-04 09:45:00', 72, 11, 16),
   ('Feira de Antiguidades na Praça', 'Praça das Relíquias', '2023-03-04 11:20:00', 98, 12, 17),
   ('Tradições Gaúchas na Fazenda', 'Fazenda Gaucha', '2023-03-04 13:05:00', 120, 13, 18),
   ('Caminhada ao Amanhecer na Praia', 'Praia da Aurora', '2023-03-04 15:30:00', 145, 14, 19),
   ('Encontro com Escritores Locais', 'Café Literário', '2023-03-04 17:10:00', 170, 15, 20),
   ('Oficina de Pintura ao Ar Livre', 'Praça da Arte', '2023-03-05 09:45:00', 200, 16, 21),
   ('Passeio de Balão no Vale', 'Voo dos Ventos', '2023-03-05 11:20:00', 225, 17, 22),
   ('Concerto de Música Clássica na Cidade', 'Teatro Harmonia', '2023-03-05 13:05:00', 250, 18, 23),
   ('Dia de Spa e Relaxamento', 'Spa Tranquilidade', '2023-03-05 15:30:00', 275, 19, 24),
   ('Observação de Estrelas no Observatório', 'Observatório Estelar', '2023-03-05 17:10:00', 300, 20, 25),
   ('Passeio pela Trilha dos Sentidos', 'Trilha Sensorial', '2023-03-06 09:45:00', 320, 21, 26),
   ('Festival de Cores e Música na Praça', 'Praça Vibrante', '2023-03-06 11:20:00', 340, 22, 27),
   ('Descobrindo Tesouros em Brechó Vintage', 'Bazar Retrô', '2023-03-06 13:05:00', 360, 23, 28),
   ('Noite de Comédia no Teatro', 'Teatro Engraçado', '2023-03-06 15:30:00', 380, 24, 29),
   ('Curso de Culinária com Chef Renomado', 'Escola Gastronômica', '2023-03-06 17:10:00', 400, 25, 30),
   ('Encontro com Autores em Livraria Aconchegante', 'Livraria das Letras', '2023-03-07 09:45:00', 420, 26, 31),
   ('Pôr do Sol no Deserto', 'Deserto Dourado', '2023-03-07 11:20:00', 440, 27, 32),
   ('Gastronomia Mexicana no Centro', 'Restaurante Sabor Picante', '2023-03-07 13:05:00', 460, 28, 33),
   ('Trilha na Floresta Encantada', 'Floresta Mágica', '2023-03-07 15:30:00', 480, 29, 34),
   ('Concerto ao Ar Livre no Anfiteatro', 'Anfiteatro Sereno', '2023-03-07 17:10:00', 500, 20, 35),
   ('Feira de Artesanato na Praça', 'Praça dos Artesãos', '2023-03-08 09:45:00', 520, 21, 36),
   ('Caminhada Matinal pela Cidade', 'Rota do Bem-Estar', '2023-03-08 11:20:00', 540, 22, 37),
   ('Noite de Cinema ao Ar Livre', 'Cinema Sob as Estrelas', '2023-03-08 13:05:00', 560, 20, 38),
   ('Tradições Orientais na Celebração', 'Festival das Lanternas', '2023-03-08 15:30:00', 580, 21, 39),
   ('Exposição de Fotografia na Galeria', 'Galeria Visual', '2023-03-08 17:10:00', 600, 23, 40),
   ('Aula de Ioga no Parque', 'Parque Zen', '2023-03-09 09:45:00', 620, 30, 41),
   ('Espetáculo de Dança Contemporânea', 'Teatro da Dança', '2023-03-09 11:20:00', 640, 27, 42),
   ('Dia de Leitura em Biblioteca Histórica', 'Biblioteca do Saber', '2023-03-09 13:05:00', 660, 18, 43),
   ('Aventura Off-Road nas Montanhas', 'Trilha Radical', '2023-03-09 15:30:00', 680, 19, 44),
   ('Piquenique à Beira do Lago', 'Lago Sereno', '2023-03-09 17:10:00', 700, 1, 45);

-- Inserção na tabela `Comentario`
INSERT INTO `mydb`.`Comentario` (`descricao_comentario`, `titulo_mensagem`, `id_postagem`)
VALUES 
   ('Comentário sobre a vista incrível!', 'Vista de tirar o fôlego', 1),
   ('Que lugar lindo! Adoraria visitar!', 'Maravilhoso', 1),
   ('Essa aventura parece incrível, conte mais detalhes!', 'Aventura emocionante', 1),
   ('Já estive nesse local, é mágico!', 'Lembranças incríveis', 1),
   ('Estou planejando uma viagem para lá, obrigado pela dica!', 'Dica valiosa', 1),
   ('Ruínas antigas sempre têm histórias fascinantes.', 'História preservada', 2),
   ('Explorar ruínas é como voltar no tempo, sensação única!', 'Viagem no tempo', 2),
   ('Admiro muito as culturas antigas, obrigado por compartilhar!', 'Cultura e história', 2),
   ('As fotos estão incríveis, parabéns!', 'Fotografia impecável', 2),
   ('Quando for lá, vou seguir suas recomendações!', 'Dicas úteis', 2),
   ('A gastronomia oriental é um espetáculo de sabores!', 'Sabor inigualável', 3),
   ('Restaurante Sakura é meu favorito, adoro a culinária!', 'Amo comida japonesa', 3),
   ('Essa imagem me deixou com água na boca!', 'Desejo gastronômico', 3),
   ('Vou colocar esse restaurante na minha lista para visitar!', 'Próxima parada gastronômica', 3),
   ('Já experimentei e recomendo a todos, delicioso!', 'Experiência gastronômica', 3),
   ('Esse pôr do sol parece pintura, que espetáculo!', 'Pintura na natureza', 4),
   ('Mirante do Vale é meu lugar preferido para relaxar.', 'Refúgio de paz', 4),
   ('A beleza da natureza sempre nos surpreende.', 'Natureza espetacular', 4),
   ('A melhor hora do dia é assistir ao pôr do sol.', 'Hora dourada', 4),
   ('Fiquei encantado com o concerto de jazz, sensacional!', 'Jazz no coração', 5),
   ('Concertos ao ar livre são experiências únicas.', 'Música na alma', 5),
   ('Adoro música e essa dica foi maravilhosa, obrigado!', 'Amo jazz', 5),
   ('Parabéns pela organização do evento, tudo perfeito!', 'Evento impecável', 5),
   ('Essa caminhada pela natureza deve ser revigorante.', 'Contato com a natureza', 6),
   ('Trilha da Serenidade é meu refúgio nos fins de semana.', 'Serenidade natural', 6),
   ('É incrível como a natureza nos presenteia com paisagens.', 'Presente da natureza', 6),
   ('Esse grafite nas ruas está maravilhoso, artistas incríveis!', 'Arte urbana', 7),
   ('A rua das cores é um museu a céu aberto!', 'Museu a céu aberto', 7),
   ('Arte nas ruas transforma a cidade, adorei!', 'Transformação urbana', 7),
   ('Quero conhecer esse local, onde fica exatamente?', 'Localização exata?', 7),
   ('Degustação de vinhos é sempre uma experiência elegante.', 'Elegância no paladar', 8),
   ('Adoro um bom vinho, essa vinícola é uma excelente escolha!', 'Escolha perfeita', 8),
   ('A vinícola Vinho Fino é referência em qualidade.', 'Referência em vinho', 8),
   ('Picnic no parque é uma ótima opção para um dia relaxante.', 'Dia relaxante', 9),
   ('Parque das Flores é um cenário encantador para um picnic.', 'Cenário encantador', 9),
   ('Que delícia! Comer ao ar livre é sempre especial.', 'Almoço ao ar livre', 9),
   ('Ristorante Amore é o lugar ideal para apreciar culinária italiana.', 'Amor pela culinária', 10),
   ('Culinária italiana sempre conquista o coração.', 'Coração italiano', 10),
   ('O Ristorante Amore é uma excelente escolha, já fui!', 'Já visitei', 10),
   ('Recife Submerso é um paraíso para os amantes do mergulho.', 'Mergulho paradisíaco', 11),
   ('Mergulhar nessas águas deve ser uma experiência incrível.', 'Experiência aquática', 11),
   ('As fotos subaquáticas ficaram incríveis, parabéns!', 'Fotografia subaquática', 11),
   ('Feira de antiguidades é sempre cheia de tesouros.', 'Tesouros históricos', 12),
   ('Essa feira tem um charme único, adoro!', 'Charme histórico', 12),
   ('Objetos antigos contam histórias fascinantes.', 'Histórias antigas', 12),
   ('Com certeza vou procurar por essa feira na próxima vez.', 'Próxima visita', 12),
   ('Esse café parece aconchegante, ótimo para relaxar.', 'Relaxamento café aconchegante', 13),
   ('Amo a atmosfera de cafés aconchegantes como esse.', 'Atmosfera aconchegante', 13),
   ('O café expresso desse lugar é divino, experimente!', 'Café expresso divino', 13),
   ('Que saudade desse lugar! Recomendo a todos.', 'Saudades desse café', 13),
   ('A arquitetura desse prédio é impressionante, adorei!', 'Arquitetura impressionante', 14),
   ('Edifício histórico preserva a identidade da cidade.', 'Identidade arquitetônica', 14),
   ('Cada detalhe arquitetônico conta uma história.', 'História em cada detalhe', 14),
   ('Museu de Ciências é um passeio educativo e divertido.', 'Diversão educativa', 15),
   ('Aprendi muito durante minha visita, recomendo a todos!', 'Recomendação educativa', 15),
   ('Museus são tesouros de conhecimento, sempre aprendo algo novo.', 'Tesouro de conhecimento', 15);

-- Inserção na tabela `pedido_de_amizade`
INSERT INTO `mydb`.`pedido_de_amizade` (`foi_aceito`, `id_Usuario_solicitante`, `id_Usuario_solicitado`)
VALUES 
   (1, 2, 3),
   (1, 3, 4),
   (0, 4, 5),
   (1, 5, 1),
   (0, 6, 7),
   (0, 8, 9),
   (1, 9, 10),
   (1, 10, 6),
   (1, 1, 3),
   (1, 2, 4),
   (0, 3, 5),
   (1, 4, 1),
   (1, 10, 5),
   (0, 3, 6),
   (1, 5, 2),
   (0, 6, 9),
   (1, 7, 8),
   (1, 8, 10),
   (0, 9, 1),
   (1, 10, 7),
   (0, 11, 12),
   (1, 12, 13),
   (1, 13, 14),
   (0, 14, 15),
   (1, 15, 16),
   (0, 16, 17),
   (1, 17, 18),
   (1, 18, 19),
   (0, 19, 20),
   (1, 20, 21),
   (0, 21, 22),
   (1, 22, 23),
   (1, 23, 24),
   (0, 24, 25),
   (1, 25, 26),
   (1, 26, 27),
   (0, 27, 28),
   (1, 28, 29),
   (0, 29, 30),
   (1, 30, 31),
   (1, 31, 32),
   (0, 32, 33),
   (1, 33, 34),
   (0, 34, 35),
   (1, 35, 36),
   (1, 36, 37),
   (0, 37, 38),
   (1, 38, 39),
   (1, 39, 40),
   (0, 40, 41),
   (1, 41, 42),
   (0, 42, 43),
   (1, 43, 44),
   (1, 44, 45),
   (0, 45, 46),
   (1, 46, 47),
   (1, 47, 48),
   (0, 48, 49),
   (1, 49, 50),
   (0, 50, 51),
   (1, 51, 52),
   (1, 52, 53),
   (0, 53, 54),
   (1, 54, 55),
   (0, 55, 56),
   (1, 56, 57),
   (1, 57, 58),
   (0, 58, 59),
   (1, 59, 60),
   (0, 60, 1);


-- Inserção na tabela `gerencia`
INSERT INTO `mydb`.`gerencia` (`id_Usuario`, `id_pagina`)
VALUES 
   (1, 1),
   (2, 2),
   (3, 3),
   (4, 4),
   (5, 5),
   (6, 6),
   (7, 7),
   (8, 8),
   (9, 9),
   (10, 10),
   (1, 11),
   (2, 12),
   (3, 13),
   (4, 14),
   (5, 15),
   (6, 16),
   (7, 17),
   (8, 18),
   (9, 19),
   (10, 20),
   (1, 21),
   (2, 22),
   (3, 23),
   (4, 24),
   (5, 25),
   (6, 26),
   (7, 27),
   (8, 28),
   (9, 29),
   (10, 30),
   (1, 31),
   (2, 32),
   (2, 3),
   (3, 5),
   (4, 7),
   (5, 9),
   (6, 11),
   (7, 13),
   (8, 15),
   (9, 17),
   (10, 19);

-- Inserção na tabela `seguidor`
INSERT INTO `mydb`.`seguidor` (`id_usuario`, `id_pagina`)
VALUES 
   (1, 1),
   (2, 1),
   (3, 1),
   (4, 2),
   (5, 2),
   (6, 3),
   (7, 3),
   (8, 4),
   (9, 5),
   (10, 5),
   (11, 6),
   (12, 7),
   (13, 8),
   (14, 8),
   (15, 9),
   (16, 10),
   (17, 11),
   (18, 11),
   (19, 12),
   (20, 13),
   (21, 13),
   (22, 14),
   (23, 15),
   (24, 15),
   (25, 16),
   (26, 17),
   (27, 18),
   (28, 19),
   (29, 19),
   (30, 20),
   (31, 21),
   (32, 21),
   (33, 22),
   (34, 23),
   (35, 23),
   (36, 24),
   (37, 25),
   (38, 25),
   (39, 26),
   (40, 27),
   (41, 28),
   (42, 28),
   (43, 29),
   (44, 29),
   (45, 30),
   (46, 31),
   (47, 31),
   (48, 32),
   (49, 32),
   (50, 32),
   (51, 1),
   (52, 2),
   (53, 3),
   (54, 4),
   (55, 5),
   (56, 6),
   (57, 7),
   (58, 8),
   (59, 9),
   (60, 10),
   (1, 11),
   (2, 12),
   (3, 13),
   (4, 14),
   (5, 15),
   (6, 16),
   (7, 17),
   (8, 18),
   (9, 19),
   (10, 20),
   (11, 21),
   (12, 22),
   (13, 23),
   (14, 24),
   (15, 25),
   (16, 26),
   (17, 27),
   (18, 28),
   (19, 29),
   (20, 30),
   (21, 31),
   (22, 32),
   (23, 1),
   (24, 2),
   (25, 3),
   (26, 4),
   (27, 5),
   (28, 6),
   (29, 7),
   (30, 8),
   (31, 9),
   (32, 10),
   (33, 11),
   (34, 12),
   (35, 13),
   (36, 14),
   (37, 15),
   (38, 16),
   (39, 17),
   (40, 18),
   (41, 19),
   (42, 20),
   (43, 21),
   (44, 22),
   (45, 23),
   (46, 24),
   (47, 25),
   (48, 26),
   (49, 27),
   (50, 28),
   (51, 29),
   (52, 30),
   (53, 31),
   (54, 32),
   (55, 1),
   (56, 2),
   (57, 3),
   (58, 4),
   (59, 5),
   (60, 6);


-- Inserção na tabela `curtida`
INSERT INTO `mydb`.`curtida` (`id_Usuario`, `id_postagem`)
VALUES 
   (1, 2),
   (2, 10),
   (3, 25),
   (4, 35),
   (5, 15),
   (6, 29),
   (7, 7),
   (8, 18),
   (9, 39),
   (10, 5),
   (11, 12),
   (12, 22),
   (13, 33),
   (14, 8),
   (15, 20),
   (16, 11),
   (17, 36),
   (18, 14),
   (19, 31),
   (20, 26),
   (21, 16),
   (22, 37),
   (23, 9),
   (24, 30),
   (25, 1),
   (26, 19),
   (27, 21),
   (28, 27),
   (29, 28),
   (30, 3),
   (31, 34),
   (32, 38),
   (33, 13),
   (34, 23),
   (35, 32),
   (36, 6),
   (37, 4),
   (38, 24),
   (39, 2),
   (40, 35),
   (41, 18),
   (42, 26),
   (43, 12),
   (44, 37),
   (45, 15),
   (46, 29),
   (47, 9),
   (48, 20),
   (49, 7),
   (50, 16),
   (51, 33),
   (52, 5),
   (53, 22),
   (54, 30),
   (55, 3),
   (56, 13),
   (57, 36),
   (58, 8),
   (59, 27),
   (60, 14),
   (1, 39),
   (2, 1),
   (3, 34),
   (4, 39),
   (5, 38),
   (6, 25),
   (7, 32),
   (8, 11),
   (9, 4),
   (10, 21),
   (11, 17),
   (12, 19),
   (13, 2),
   (14, 31),
   (15, 23),
   (16, 10),
   (17, 35),
   (18, 16),
   (19, 26),
   (20, 30),
   (21, 7),
   (22, 9),
   (23, 22),
   (24, 27),
   (25, 18),
   (26, 37),
   (27, 14),
   (28, 6),
   (29, 3),
   (30, 8),
   (31, 28),
   (32, 24),
   (33, 20),
   (34, 15),
   (35, 36),
   (36, 5),
   (37, 33),
   (38, 12),
   (39, 19),
   (40, 31),
   (41, 1),
   (42, 38),
   (43, 16),
   (44, 11),
   (45, 29),
   (46, 10),
   (47, 13),
   (48, 39),
   (49, 21),
   (50, 4),
   (51, 17),
   (52, 34),
   (53, 25),
   (54, 23),
   (55, 37),
   (56, 30),
   (57, 2),
   (58, 22),
   (59, 40),
   (60, 35);


-- Inserção na tabela `permissao`
INSERT INTO `mydb`.`permissao` (`id_Usuario`, `id_cargo`)
VALUES 
   (1, 1),
   (2, 2),
   (3, 1),
   (4, 2),
   (5, 1),
   (6, 1),
   (7, 2),
   (8, 1),
   (9, 2),
   (10, 1);